bodyid,pre,post,upstream,downstream,status,name,voxels,soma,side,connectivity.type,cell.type,group,anatomy.group,class,cellBodyFiber,layer,ct.layer,axon.outputs,dend.outputs,axon.inputs,dend.inputs,total.length,axon.length,dend.length,pd.length,segregation_index,notes
1578826464,1900,7210,7210,7501,Traced,lLN1_c_R,2691885349,True,right,lLN1_c,lLN1,lLN1,l_LN_broad_,ALLN_broad,AVM02,3.1210000000000004,3,2207,5221,2092,5098,9754.820207976729,2399.3787743611397,5678.107814064129,66.080358151081,3.2955424590586105e-05,Type: broad LN belonging to the LN1 type (Tanaka et al. 2012). Group: broad LN belonging to the LN1 type (Tanaka et al. 2012)
1670278227,180,271,271,1044,Traced,lLN11_R,373927384,True,right,lLN11,lLN11,lLN10-17,l_LN_regional_,ALLN_regional,AVM02,2.187,2,1038,5,110,160,1372.66817379795,717.8935131324789,440.538674166995,39.31269119935261,0.4230123325321571,Type: weak regional or sparse LNs with a similar split into two main branches close to the soma. Group: unilateral regional or sparse LNs belonging l lineage 
1979569670,107,185,185,535,Traced,lLN11_R,271448716,True,right,lLN11,lLN11,lLN10-17,l_LN_regional_,ALLN_regional,AVM02,2.695,2,431,89,103,71,886.728404007608,328.465711153641,333.355104700163,118.997320314053,0.0487663589161745,Type: weak regional or sparse LNs with a similar split into two main branches close to the soma. Group: unilateral regional or sparse LNs belonging l lineage 
2040301572,198,372,372,1116,Traced,lLN11_R,367013585,True,right,lLN11,lLN11,lLN10-17,l_LN_regional_,ALLN_regional,AVM02,2.141,2,216,814,29,324,1437.41543326613,160.300071239094,918.722654470974,107.007236556958,0.0212535487960958,Type: weak regional or sparse LNs with a similar split into two main branches close to the soma. Group: unilateral regional or sparse LNs belonging l lineage 
1826445251,207,381,381,1233,Traced,lLN12a_R,390802154,True,right,lLN12A,lLN12A,lLN10-17,l_LN_regional_,ALLN_regional,AVM02,2.213,2,1221,9,166,211,1667.83373963896,788.0734782626781,597.583386252173,32.2789178745013,0.37674569342838793,Type: regional LNs that innervate the same area of the AL. Group: unilateral regional or sparse LNs belonging l lineage 
1670597533,1855,6254,6254,7501,Traced,lLN1_a_R,2560074389,True,right,lLN1_a,lLN1,lLN1,l_LN_broad_,ALLN_broad,AVM02,3.097,3,4008,3477,3288,2960,8570.575850195379,3915.02090695099,3605.93912692955,24.034307327276398,6.14524621194157e-05,Type: broad LN belonging to the LN1 type (Tanaka et al. 2012). Group: broad LN belonging to the LN1 type (Tanaka et al. 2012)
1919208947,184,352,352,1025,Traced,lLN12a_R,338652634,True,right,lLN12A,lLN12A,lLN10-17,l_LN_regional_,ALLN_regional,AVM02,2.431,2,1013,6,192,155,1355.21278484486,696.669322607495,384.89686083281305,66.94447679521629,0.28423402725248903,Type: regional LNs that innervate the same area of the AL. Group: unilateral regional or sparse LNs belonging l lineage 
1825789179,599,1625,1625,4211,Traced,lLN10_R,1223954747,True,right,lLN10,lLN10,lLN10-17,l_LN_regional_,ALLN_regional,AVM02,2.4930000000000003,2,2831,1242,897,690,3901.51950780992,1614.13221726861,1155.9726039049401,115.60054070042601,0.0124911087495113,Type: unique regional LN. Group: unilateral regional or sparse LNs belonging l lineage 
5813054725,2305,8031,8031,8804,Traced,lLN1_b_R,2871257052,True,right,lLN1_b,lLN1,lLN1,l_LN_broad_,ALLN_broad,AVM02,3.1639999999999997,3,5036,3746,4590,3425,10875.029562396601,5141.46147549416,3933.8370728782397,51.1370632434071,4.36144357962576e-07,Type: broad LN belonging to the LN1 type (Tanaka et al. 2012). Group: broad LN belonging to the LN1 type (Tanaka et al. 2012)
5813054777,2083,8531,8531,8174,Traced,lLN1_b_R,2924505054,True,right,lLN1_b,lLN1,lLN1,l_LN_broad_,ALLN_broad,AVM02,3.053,3,4077,4032,4129,4378,11247.7502529802,4812.34533241744,4707.85268981954,74.1914211079233,0.000218646348120966,Type: broad LN belonging to the LN1 type (Tanaka et al. 2012). Group: broad LN belonging to the LN1 type (Tanaka et al. 2012)
5813130064,2133,6368,6368,8318,Traced,lLN1_a_R,2240126389,False,right,lLN1_a,lLN1,lLN1,l_LN_broad_,ALLN_broad,AVM02,3.035,3,3071,5135,2274,4080,9331.38640466673,2906.19891026889,5149.59610402565,51.0505499409276,0.00020681898527497,Type: broad LN belonging to the LN1 type (Tanaka et al. 2012). Group: broad LN belonging to the LN1 type (Tanaka et al. 2012)
5813078440,2532,8658,8658,9653,Traced,lLN1_b_R,3278317265,True,right,lLN1_b,lLN1,lLN1,l_LN_broad_,ALLN_broad,AVM02,3.1660000000000004,3,6067,3504,5327,3304,11531.8879873551,6062.636548578571,3582.57688035668,74.12468930760458,0.000214605779903954,Type: broad LN belonging to the LN1 type (Tanaka et al. 2012). Group: broad LN belonging to the LN1 type (Tanaka et al. 2012)
1610530558,2090,6897,6897,8311,Traced,lLN1_b_R,2768717222,True,right,lLN1_b,lLN1,lLN1,l_LN_broad_,ALLN_broad,AVM02,3.1519999999999997,3,4871,3350,3981,2902,9091.694316351779,4329.775071797,3338.63380873906,80.0529897518122,0.00014796188206656102,Type: broad LN belonging to the LN1 type (Tanaka et al. 2012). Group: broad LN belonging to the LN1 type (Tanaka et al. 2012)
1640887603,1779,6579,6579,7208,Traced,lLN1_b_R,2583900022,True,right,lLN1_b,lLN1,lLN1,l_LN_broad_,ALLN_broad,AVM02,3.1660000000000004,3,2922,4240,2527,4034,8983.4376091699,3024.8471765126696,4617.87005103756,45.5591668161409,0.000392620623671514,Type: broad LN belonging to the LN1 type (Tanaka et al. 2012). Group: broad LN belonging to the LN1 type (Tanaka et al. 2012)
5813069055,2518,8531,8531,9631,Traced,lLN1_b_R,3108875358,True,right,lLN1_b,lLN1,lLN1,l_LN_broad_,ALLN_broad,AVM02,3.1710000000000003,3,6661,2904,5840,2672,11617.6502097868,6616.05757384645,3020.6235144663697,51.2505764307111,8.962611939578041e-05,Type: broad LN belonging to the LN1 type (Tanaka et al. 2012). Group: broad LN belonging to the LN1 type (Tanaka et al. 2012)
1702651358,1969,7457,7457,7822,Traced,lLN1_c_R,2889163869,True,right,lLN1_c,lLN1,lLN1,l_LN_broad_,ALLN_broad,AVM02,3.161,3,5343,2459,4980,2463,9737.55719495465,5545.93860247925,2732.00260741066,63.4793896528368,0.000204288585547552,Type: broad LN belonging to the LN1 type (Tanaka et al. 2012). Group: broad LN belonging to the LN1 type (Tanaka et al. 2012)
1824101645,2190,8274,8274,8824,Traced,lLN1_c_R,3054927501,True,right,lLN1_c,lLN1,lLN1,l_LN_broad_,ALLN_broad,AVM02,3.08,3,5596,3195,5230,3026,10843.4733848521,5686.971180605639,3416.8078604146303,65.3665409452439,7.3862500340471405e-06,Type: broad LN belonging to the LN1 type (Tanaka et al. 2012). Group: broad LN belonging to the LN1 type (Tanaka et al. 2012)
5813047691,1786,6951,6951,7040,Traced,lLN1_c_R,2593394509,True,right,lLN1_c,lLN1,lLN1,l_LN_broad_,ALLN_broad,AVM02,3.176,3,4802,2181,4712,2221,8943.225955947191,5131.4021887543295,2419.65166620966,105.13620279735399,5.3661791455605894e-05,Type: broad LN belonging to the LN1 type (Tanaka et al. 2012). Group: broad LN belonging to the LN1 type (Tanaka et al. 2012)
1547454812,2056,7783,7783,8042,Traced,lLN1_c_R,3065228599,True,right,lLN1_c,lLN1,lLN1,l_LN_broad_,ALLN_broad,AVM02,3.2119999999999997,3,7573,421,7323,444,10089.7752989494,8151.65566481486,508.63792353307997,70.6559311046207,7.040495593457759e-05,Type: broad LN belonging to the LN1 type (Tanaka et al. 2012). Group: broad LN belonging to the LN1 type (Tanaka et al. 2012)
5813062199,2047,7697,7697,8203,Traced,lLN1_c_R,2509262213,False,right,lLN1_c,lLN1,lLN1,l_LN_broad_,ALLN_broad,AVM02,3.0839999999999996,3,2455,5702,2314,5366,9852.54080849228,2587.89828994435,5996.84154622522,31.4614134450401,9.533391731597619e-08,Type: broad LN belonging to the LN1 type (Tanaka et al. 2012). Group: broad LN belonging to the LN1 type (Tanaka et al. 2012)
1642623277,2379,7826,7826,9272,Traced,lLN1_b_R,2995585891,True,right,lLN1_b,lLN1,lLN1,l_LN_broad_,ALLN_broad,AVM02,3.123,3,7057,2161,5937,1878,10803.3641623913,6780.79496442595,2149.4199569644,76.09243392716121,3.43217391001183e-05,Type: broad LN belonging to the LN1 type (Tanaka et al. 2012). Group: broad LN belonging to the LN1 type (Tanaka et al. 2012)
5813039309,1229,5101,5101,4819,Traced,lLN2P_b(Patchy)_R,1784508025,True,right,lLN2P_b,lLN2P,lLN2P,l_LN_patchy_,ALLN_patchy,AVM02,2.4090000000000003,2,2441,2376,2394,2698,8565.45032395287,2898.0374073389803,3102.6218980837602,74.0495527462652,0.000966706241460558,Type: patchy LNs belonging to the LN2 type (Tanaka et al. 2012). Group: patchy LNs belonging to the LN2 type (Tanaka et al. 2012)
1762704980,1100,6279,6279,4981,Traced,lLN2P_c(Patchy)_R,2147937818,True,right,lLN2P_c,lLN2P,lLN2P,l_LN_patchy_,ALLN_patchy,AVM02,2.747,3,3685,1295,4380,1890,9405.203306863381,5317.5573300825,1947.0205296491501,36.4972431533767,0.0015231887185475099,Type: patchy LNs belonging to the LN2 type (Tanaka et al. 2012). Group: patchy LNs belonging to the LN2 type (Tanaka et al. 2012)
5813132949,1084,6618,6618,4813,Traced,lLN2P_c(Patchy)_R,2134392785,True,right,lLN2P_c,lLN2P,lLN2P,l_LN_patchy_,ALLN_patchy,AVM02,2.71,3,1473,3323,1828,4780,9458.80141063333,2212.2654691712696,5087.48819716623,41.555385629746496,0.000807316120615797,Type: patchy LNs belonging to the LN2 type (Tanaka et al. 2012). Group: patchy LNs belonging to the LN2 type (Tanaka et al. 2012)
1639886198,1054,6138,6138,4707,Traced,lLN2P_c(Patchy)_R,2056974766,True,right,lLN2P_c,lLN2P,lLN2P,l_LN_patchy_,ALLN_patchy,AVM02,2.699,3,1860,2847,2350,3776,8964.58824502159,2694.0076621662,4272.51959552026,32.739559106988004,0.000100640362896476,Type: patchy LNs belonging to the LN2 type (Tanaka et al. 2012). Group: patchy LNs belonging to the LN2 type (Tanaka et al. 2012)
1858171556,867,5360,5360,4019,Traced,lLN2P_c(Patchy)_R,1729353130,True,right,lLN2P_c,lLN2P,lLN2P,l_LN_patchy_,ALLN_patchy,AVM02,2.653,3,1787,2228,2362,2985,8055.27569105893,2715.9262077679896,3359.1722608805603,56.203352610521,8.095406256347639e-06,Type: patchy LNs belonging to the LN2 type (Tanaka et al. 2012). Group: patchy LNs belonging to the LN2 type (Tanaka et al. 2012)
1918565786,205,292,292,1181,Traced,lLN12a_R,333104054,True,right,lLN12A,lLN12A,lLN10-17,l_LN_regional_,ALLN_regional,AVM02,2.254,2,679,480,119,157,1282.51068889542,378.65659368538695,498.742803577882,159.441162417668,0.0152905912786279,Type: regional LNs that innervate the same area of the AL. Group: unilateral regional or sparse LNs belonging l lineage 
1640555311,901,5392,5392,4085,Traced,lLN2P_c(Patchy)_R,1890743688,True,right,lLN2P_c,lLN2P,lLN2P,l_LN_patchy_,ALLN_patchy,AVM02,2.7739999999999996,3,2062,2023,2673,2709,8195.00285375352,3084.7716872969,3169.78979838605,42.4812848358838,4.7289270011408e-05,Type: patchy LNs belonging to the LN2 type (Tanaka et al. 2012). Group: patchy LNs belonging to the LN2 type (Tanaka et al. 2012)
1671270875,291,622,622,1484,Traced,lLN12b_R,427460584,True,right,lLN12B,lLN12B,lLN10-17,l_LN_sparse_,ALLN_sparse,AVM02,2.206,2,1184,278,215,368,1565.6954636973599,791.557684259823,365.51771259208704,86.2863415070487,0.147730806008359,"Type: sparse LNs that innervate the same are of the AL, have a small more densely innervated area. Group: unilateral regional or sparse LNs belonging l lineage "
5812996027,232,714,714,1595,Traced,lLN12b_R,368364508,True,right,lLN12B,lLN12B,lLN10-17,l_LN_sparse_,ALLN_sparse,AVM02,2.488,2,643,952,120,591,1596.3118113695998,313.306374530345,984.748952768299,19.101471906664802,0.0460795904329754,"Type: sparse LNs that innervate the same are of the AL, have a small more densely innervated area. Group: unilateral regional or sparse LNs belonging l lineage "
1826825128,158,410,410,1053,Traced,lLN13_R,321014169,True,right,lLN13,lLN13,lLN10-17,l_LN_sparse_,ALLN_sparse,AVM02,2.615,3,516,516,95,311,1246.5844855910302,248.53052511267998,751.1814475485879,37.5372174404827,0.0517026219477951,Type: regional or sparse LNs with a similar split into two main branches and innervate the same area of the AL. Group: unilateral regional or sparse LNs belonging l lineage 
1887867926,196,353,353,1346,Traced,lLN13_R,340251135,True,right,lLN13,lLN13,lLN10-17,l_LN_sparse_,ALLN_sparse,AVM02,2.877,3,676,670,81,266,1264.67168123632,266.680695487012,731.1398843146401,42.2200638276344,0.0494931989296707,Type: regional or sparse LNs with a similar split into two main branches and innervate the same area of the AL. Group: unilateral regional or sparse LNs belonging l lineage 
5901194966,158,345,345,1128,Traced,lLN13_R,291185965,True,right,lLN13,lLN13,lLN10-17,l_LN_sparse_,ALLN_sparse,AVM02,2.472,3,724,404,101,239,1315.8267803316198,319.190150556025,721.499831890012,35.455569384012705,0.0799734310754732,Type: regional or sparse LNs with a similar split into two main branches and innervate the same area of the AL. Group: unilateral regional or sparse LNs belonging l lineage 
1701947337,1930,8412,8412,7599,Traced,lLN2P_b(Patchy)_R,2351030825,True,right,lLN2P_b,lLN2P,lLN2P,l_LN_patchy_,ALLN_patchy,AVM02,2.36,2,1837,5644,1860,6490,11565.658769055,2037.73159090397,6047.172880259921,212.658463712665,0.000522858401673543,Type: patchy LNs belonging to the LN2 type (Tanaka et al. 2012). Group: patchy LNs belonging to the LN2 type (Tanaka et al. 2012)
1951971057,82,250,250,632,Traced,lLN14_R,261783602,True,right,lLN14,lLN14,lLN10-17,l_LN_sparse_,ALLN_sparse,AVM02,2.086,2,602,4,27,212,986.517111951814,248.520531661418,440.314087484771,80.6967343695873,0.7390505574003922,"Type: very weakly innervating sparse LN, one half with bead-like structure. Group: unilateral regional or sparse LNs belonging l lineage "
1887160257,164,292,292,1000,Traced,lLN15_R,337113078,True,right,lLN15,lLN15,lLN10-17,l_LN_regional_,ALLN_regional,AVM02,2.623,3,599,401,114,170,1329.3684151978698,412.532071441233,615.288981172692,57.9253658814161,0.0256776804140595,"Type: regional LNs that innervate the same are of the AL, with several long neurites towards the midline but no bilateral projections, poss cut. Group: unilateral regional or sparse LNs belonging l lineage "
1824745150,230,337,337,1445,Traced,lLN15_R,375788516,True,right,lLN15,lLN15,lLN10-17,l_LN_regional_,ALLN_regional,AVM02,2.762,3,645,800,84,244,1445.19365692174,296.348288204957,793.148141170752,67.3321643153833,0.0246615537483887,"Type: regional LNs that innervate the same are of the AL, with several long neurites towards the midline but no bilateral projections, poss cut. Group: unilateral regional or sparse LNs belonging l lineage "
5812998538,210,298,298,1352,Traced,lLN15_R,377193504,True,right,lLN15,lLN15,lLN10-17,l_LN_regional_,ALLN_regional,AVM02,2.627,3,770,582,82,215,1447.31406460797,424.60652043080705,738.413713341796,12.938514020377701,0.0553760885899106,"Type: regional LNs that innervate the same are of the AL, with several long neurites towards the midline but no bilateral projections, poss cut. Group: unilateral regional or sparse LNs belonging l lineage "
1702318692,62,335,335,419,Traced,lLN16a_R,117921123,False,right,lLN16A,lLN16A,lLN10-17,l_LN_sparse_,ALLN_sparse,AVM02,2.548,3,255,160,76,257,1115.03945648887,318.86894213370897,572.528863704988,37.8292309585855,0.11278968342965,"Type: sparse LNs that innervate the same area of the AL, very spread out. Group: unilateral regional or sparse LNs belonging l lineage "
1732667174,51,176,176,327,Traced,lLN16a_R,103623123,False,right,lLN16A,lLN16A,lLN10-17,l_LN_sparse_,ALLN_sparse,AVM02,2.862,3,248,79,35,134,829.046352052046,228.12777719635798,385.675441961159,32.2678302343997,0.22577427245409398,"Type: sparse LNs that innervate the same area of the AL, very spread out. Group: unilateral regional or sparse LNs belonging l lineage "
2011308218,62,278,278,418,Orphan,lLN16a_R,105806403,False,right,lLN16A,lLN16A,lLN10-17,l_LN_sparse_,ALLN_sparse,AVM02,2.7260000000000004,3,324,84,90,176,951.711560396522,340.10240661694803,370.439369138321,66.9410375389179,0.15872660389034,"Type: sparse LNs that innervate the same area of the AL, very spread out. Group: unilateral regional or sparse LNs belonging l lineage "
1763360713,73,262,262,509,Traced,lLN16b_R,131717291,False,right,lLN16B,lLN16B,lLN10-17,l_LN_sparse_,ALLN_sparse,AVM02,2.4859999999999998,2,398,111,55,203,820.9388646406329,265.658184688594,335.563986073845,17.7295394370109,0.241623614695125,"Type: sparse LNs that innervate the same area of the AL, very spread out. Group: unilateral regional or sparse LNs belonging l lineage "
1887168462,77,294,294,548,Traced,lLN16b_R,196967929,True,right,lLN16B,lLN16B,lLN10-17,l_LN_sparse_,ALLN_sparse,AVM02,2.45,2,379,131,111,173,891.51903594786,279.880892482876,375.371451823359,64.2305874419684,0.0922564545269525,"Type: sparse LNs that innervate the same area of the AL, very spread out. Group: unilateral regional or sparse LNs belonging l lineage "
1857485213,118,269,269,849,Traced,lLN16b_R,241892887,True,right,lLN16B,lLN16B,lLN10-17,l_LN_sparse_,ALLN_sparse,AVM02,2.405,2,577,261,92,172,1003.7245130553399,256.261978622599,468.429594545459,38.7262039282359,0.0789892877465648,"Type: sparse LNs that innervate the same area of the AL, very spread out. Group: unilateral regional or sparse LNs belonging l lineage "
1856820145,63,239,239,418,Traced,lLN16b_R,130129717,False,right,lLN16B,lLN16B,lLN10-17,l_LN_sparse_,ALLN_sparse,AVM02,2.165,2,274,106,55,176,790.525013279935,178.925441137763,384.39420519454694,74.2124087442116,0.17269700309137098,"Type: sparse LNs that innervate the same area of the AL, very spread out. Group: unilateral regional or sparse LNs belonging l lineage "
1918207300,68,110,110,421,Traced,lLN16b_R,100445226,False,right,lLN16B,lLN16B,lLN10-17,l_LN_sparse_,ALLN_sparse,AVM02,2.142,2,378,38,50,56,566.2017105454789,239.896519461612,135.213014556137,46.1066233523843,0.173406700256153,"Type: sparse LNs that innervate the same area of the AL, very spread out. Group: unilateral regional or sparse LNs belonging l lineage "
1701965055,52,189,189,363,Traced,lLN16b_R,137797133,True,right,lLN16B,lLN16B,lLN10-17,l_LN_sparse_,ALLN_sparse,AVM02,2.8939999999999997,2,322,41,80,104,869.256475387365,351.45237123185797,261.520106226754,48.41635186485729,0.17851342940899398,"Type: sparse LNs that innervate the same area of the AL, very spread out. Group: unilateral regional or sparse LNs belonging l lineage "
1887518225,79,164,164,545,Traced,lLN16b_R,114280713,False,right,lLN16B,lLN16B,lLN10-17,l_LN_sparse_,ALLN_sparse,AVM02,2.169,2,492,44,97,64,747.363157351611,301.379300743964,210.41854001775798,37.7564866673599,0.10675547179738099,"Type: sparse LNs that innervate the same area of the AL, very spread out. Group: unilateral regional or sparse LNs belonging l lineage "
1918173122,226,335,335,1192,Traced,lLN17_R,410854852,True,right,lLN17,lLN17,lLN10-17,l_LN_sparse_,ALLN_sparse,AVM02,2.122,2,739,448,116,214,1430.13402146112,395.392100218919,726.0620922474001,27.972273524608898,0.0484534954105221,Type: sparse LNs that innervate mostly the VA1 with additional weak neurites in other areas of AL. Group: unilateral regional or sparse LNs belonging l lineage 
2013333009,253,526,526,1128,Traced,lLN17_R,365591132,True,right,lLN17,lLN17,lLN10-17,l_LN_sparse_,ALLN_sparse,AVM02,2.167,2,857,187,237,269,1432.4362431970098,447.757111598533,528.89801993621,94.0716834972847,0.100743978371305,Type: sparse LNs that innervate mostly the VA1 with additional weak neurites in other areas of AL. Group: unilateral regional or sparse LNs belonging l lineage 
1670287030,5869,19460,19460,20959,Traced,lLN2F_a(Full)_R,5623704879,True,right,lLN2F_a,lLN2F,lLN2F,l_LN_broad_,ALLN_broad,AVM02,2.233,2,13641,7311,12115,7317,20396.8524736285,11477.586411493701,6699.68168410001,35.3752867615893,0.000594420576279675,Type: broad LNs with full/dense neurites belonging to the LN2 type (Tanaka et al. 2012). Group: broad LNs belonging to the LN2 type (Tanaka et al. 2012)
5901218894,5875,20616,20616,21621,Traced,lLN2F_a(Full)_R,5794205404,True,right,lLN2F_a,lLN2F,lLN2F,l_LN_broad_,ALLN_broad,AVM02,2.245,2,11992,9108,11331,8716,21935.372281948898,10808.5654714759,8095.180153279059,37.2861202614666,7.14590796579984e-06,Type: broad LNs with full/dense neurites belonging to the LN2 type (Tanaka et al. 2012). Group: broad LNs belonging to the LN2 type (Tanaka et al. 2012)
5813024698,8150,26007,26007,31978,Traced,lLN2F_b(Full)_R,9553102151,True,right,lLN2F_b,lLN2F,lLN2F,l_LN_broad_,ALLN_broad,AVM02,2.173,2,13587,16062,10317,13738,29086.6983062755,9936.7840521246,13223.275262174198,54.4998660586261,0.000628277490060447,Type: broad LNs with full/dense neurites belonging to the LN2 type (Tanaka et al. 2012). Group: broad LNs belonging to the LN2 type (Tanaka et al. 2012)
1640909284,7997,27350,27350,31778,Traced,lLN2F_b(Full)_R,9550252145,True,right,lLN2F_b,lLN2F,lLN2F,l_LN_broad_,ALLN_broad,AVM02,2.168,2,17678,14087,14734,12606,30500.228592133797,14017.1741887107,12043.7425250615,78.4726849633692,0.0002253599612414,Type: broad LNs with full/dense neurites belonging to the LN2 type (Tanaka et al. 2012). Group: broad LNs belonging to the LN2 type (Tanaka et al. 2012)
5813054622,2561,9044,9044,10066,Traced,lLN1_b_R,3164310344,True,right,lLN1_b,lLN1,lLN1,l_LN_broad_,ALLN_broad,AVM02,3.1289999999999996,3,6587,3430,5693,3332,12336.271694629299,6559.4039818025,3614.03923675067,61.7470596717597,0.000564041874340226,Type: broad LN belonging to the LN1 type (Tanaka et al. 2012). Group: broad LN belonging to the LN1 type (Tanaka et al. 2012)
2135408892,1036,8095,8095,5786,Traced,lLN2P_a(Patchy)_R,2022915543,True,right,lLN2P_a,lLN2P,lLN2P,l_LN_patchy_,ALLN_patchy,AVM02,2.528,2,2390,3396,3225,4867,10370.071047945501,3335.07160485854,4663.5110743388595,25.5326851248766,0.00015660285019947198,Type: patchy LNs belonging to the LN2 type (Tanaka et al. 2012). Group: patchy LNs belonging to the LN2 type (Tanaka et al. 2012)
1670916819,922,6885,6885,5872,Traced,lLN2P_a(Patchy)_R,1759063470,True,right,lLN2P_a,lLN2P,lLN2P,l_LN_patchy_,ALLN_patchy,AVM02,2.553,2,4155,1717,4731,2139,8881.90953203414,4543.01034922456,2014.7963757691398,67.4720547741269,0.000306623027430564,Type: patchy LNs belonging to the LN2 type (Tanaka et al. 2012). Group: patchy LNs belonging to the LN2 type (Tanaka et al. 2012)
2041621893,978,7516,7516,5880,Traced,lLN2P_a(Patchy)_R,1825739537,True,right,lLN2P_a,lLN2P,lLN2P,l_LN_patchy_,ALLN_patchy,AVM02,2.354,2,2021,3859,2486,5010,9141.944597860771,2666.1775065807,4013.5783075657796,117.38609762056002,0.00011691915711109499,Type: patchy LNs belonging to the LN2 type (Tanaka et al. 2012). Group: patchy LNs belonging to the LN2 type (Tanaka et al. 2012)
1671257931,2315,9858,9858,9062,Traced,lLN2P_b(Patchy)_R,2811367139,True,right,lLN2P_b,lLN2P,lLN2P,l_LN_patchy_,ALLN_patchy,AVM02,2.404,2,3741,5318,3852,5989,13642.1834316359,4155.64655414924,5777.15247159865,62.9504444115464,0.000347775807089779,Type: patchy LNs belonging to the LN2 type (Tanaka et al. 2012). Group: patchy LNs belonging to the LN2 type (Tanaka et al. 2012)
1946178096,2012,8727,8727,7967,Traced,lLN2P_b(Patchy)_R,2937229240,True,right,lLN2P_b,lLN2P,lLN2P,l_LN_patchy_,ALLN_patchy,AVM02,2.31,2,2770,5193,2808,5909,11810.9800597994,2810.83846193605,5779.890354565529,104.699783579428,0.0005358559191435129,Type: patchy LNs belonging to the LN2 type (Tanaka et al. 2012). Group: patchy LNs belonging to the LN2 type (Tanaka et al. 2012)
1640922754,1783,4649,4649,6418,Traced,lLN2S(Star)_R,1984279836,True,right,lLN2S,lLN2S,lLN2S,l_LN_broad_,ALLN_broad,AVM02,2.475,2,3868,2512,2656,1980,7444.932523076809,3902.29817277834,2707.38065338916,35.3800703566489,0.0008243877402003269,Type: Star shaped (neurite to center of AL and then split into several main banches) LNs belonging to the LN2 type (Tanaka et al. 2012). Group: broad LNs belonging to the LN2 type (Tanaka et al. 2012)
1732995501,2241,7124,7124,8277,Traced,lLN2S(Star)_R,2477579783,True,right,lLN2S,lLN2S,lLN2S,l_LN_broad_,ALLN_broad,AVM02,2.407,2,4888,3354,4076,3038,9731.46730835005,5074.33772900532,3536.18243964784,29.2619340087368,0.00029946845594974703,Type: Star shaped (neurite to center of AL and then split into several main banches) LNs belonging to the LN2 type (Tanaka et al. 2012). Group: broad LNs belonging to the LN2 type (Tanaka et al. 2012)
5813069085,2307,7942,7942,8677,Traced,lLN2S(Star)_R,2638876326,True,right,lLN2S,lLN2S,lLN2S,l_LN_broad_,ALLN_broad,AVM02,2.48,2,5909,2639,5244,2623,10375.2156070682,6065.352914001341,3065.64533194451,44.4582463793409,0.000504342052186746,Type: Star shaped (neurite to center of AL and then split into several main banches) LNs belonging to the LN2 type (Tanaka et al. 2012). Group: broad LNs belonging to the LN2 type (Tanaka et al. 2012)
1670627928,2285,7887,7887,8403,Traced,lLN2S(Star)_R,2681169803,True,right,lLN2S,lLN2S,lLN2S,l_LN_broad_,ALLN_broad,AVM02,2.49,2,4310,4037,3883,3985,10166.5006731102,4598.35467794151,4367.671309483379,30.9856078486971,0.000376121395775253,Type: Star shaped (neurite to center of AL and then split into several main banches) LNs belonging to the LN2 type (Tanaka et al. 2012). Group: broad LNs belonging to the LN2 type (Tanaka et al. 2012)
1702306037,2186,5712,5712,8040,Traced,lLN2S(Star)_R,2562582360,True,right,lLN2S,lLN2S,lLN2S,l_LN_broad_,ALLN_broad,AVM02,2.418,2,5619,2346,3769,1913,9025.84054734184,5343.27969594926,2489.1663924465697,51.616160835818995,0.00147463636997036,Type: Star shaped (neurite to center of AL and then split into several main banches) LNs belonging to the LN2 type (Tanaka et al. 2012). Group: broad LNs belonging to the LN2 type (Tanaka et al. 2012)
1762359683,1653,5102,5102,6043,Traced,lLN2S(Star)_R,1978826558,True,right,lLN2S,lLN2S,lLN2S,l_LN_broad_,ALLN_broad,AVM02,2.315,2,3263,2730,2760,2317,7780.22066966323,3694.42306918234,3096.77800636925,34.549399312911,5.12497324356431e-07,Type: Star shaped (neurite to center of AL and then split into several main banches) LNs belonging to the LN2 type (Tanaka et al. 2012). Group: broad LNs belonging to the LN2 type (Tanaka et al. 2012)
2105086391,982,5393,5393,4524,Traced,lLN2P_c(Patchy)_R,1736010856,True,right,lLN2P_c,lLN2P,lLN2P,l_LN_patchy_,ALLN_patchy,AVM02,2.7510000000000003,3,1894,2580,2235,3131,8103.24385654688,2597.49849684939,3518.5480204718897,62.978598494824396,3.43932531857716e-05,Type: patchy LNs belonging to the LN2 type (Tanaka et al. 2012). Group: patchy LNs belonging to the LN2 type (Tanaka et al. 2012)
5813032595,2058,11541,11541,8892,Traced,lLN2T_a(Tortuous)_R,3808517595,True,right,lLN2T_a,lLN2T,lLN2T_a-c,l_LN_broad_,ALLN_broad,AVM02,2.6889999999999996,3,5053,3839,6208,5323,13921.4367488047,6785.94041219408,5770.35613196309,39.682095026941795,0.0006486970025855191,Type: Tortuous (similar to patchy) LNs belonging to the LN2 type (Tanaka et al. 2012). Group: broad LNs belonging to the LN2 type (Tanaka et al. 2012)
5813075196,1397,3941,3941,5077,Traced,lLN2R_a(Regional)_R,1531494441,True,right,lLN2R_a,lLN2R,lLN2R,l_LN_regional_,ALLN_regional,AVM02,2.2159999999999997,2,1873,3164,1454,2468,6027.279952922329,1953.46447519413,3145.5205296492104,50.335858988422004,9.63303883438904e-07,Type: regional LNs belonging to the LN2 type (Tanaka et al. 2012). Group: regional LNs belonging to the LN2 type (Tanaka et al. 2012)
5813034531,1191,3529,3529,4257,Traced,lLN2R_a(Regional)_R,1357647667,True,right,lLN2R_a,lLN2R,lLN2R,l_LN_regional_,ALLN_regional,AVM02,2.2319999999999998,2,3347,867,2758,754,5453.135573826599,3582.80265156704,931.078747877235,76.19466593176159,8.684730474284309e-05,Type: regional LNs belonging to the LN2 type (Tanaka et al. 2012). Group: regional LNs belonging to the LN2 type (Tanaka et al. 2012)
5813024339,1183,3477,3477,4170,Traced,lLN2R_a(Regional)_R,1504827867,True,right,lLN2R_a,lLN2R,lLN2R,l_LN_regional_,ALLN_regional,AVM02,2.228,2,3153,944,2608,845,5402.26454270814,3390.39150078213,1034.91885654146,79.8302892136676,0.0002033920053085,Type: regional LNs belonging to the LN2 type (Tanaka et al. 2012). Group: regional LNs belonging to the LN2 type (Tanaka et al. 2012)
5813076969,1114,3487,3487,4344,Traced,lLN2R_b(Regional)_R,1246066405,True,right,lLN2R_b,lLN2R,lLN2R,l_LN_regional_,ALLN_regional,AVM02,2.376,2,841,3480,665,2813,5771.20671728114,879.376503856167,4115.22477254944,38.6783414169034,1.3571190582872801e-05,Type: regional LNs belonging to the LN2 type (Tanaka et al. 2012). Group: regional LNs belonging to the LN2 type (Tanaka et al. 2012)
1702305987,612,2116,2116,2487,Traced,lLN2R_b(Regional)_R,806128911,True,right,lLN2R_b,lLN2R,lLN2R,l_LN_regional_,ALLN_regional,AVM02,2.455,2,926,1537,741,1369,4036.9633298311896,1308.49457009647,2030.56036825894,19.515792190371002,0.00047764362569502306,Type: regional LNs belonging to the LN2 type (Tanaka et al. 2012). Group: regional LNs belonging to the LN2 type (Tanaka et al. 2012)
1916800213,1670,5219,5219,6307,Traced,lLN2T_a(Tortuous)_R,1923146963,True,right,lLN2T_a,lLN2T,lLN2T_a-c,l_LN_broad_,ALLN_broad,AVM02,2.351,3,2287,3956,1899,3305,7294.60728335659,2267.01843929607,3909.5771039820897,43.996590526735794,1.5612215172877701e-06,Type: Tortuous (similar to patchy) LNs belonging to the LN2 type (Tanaka et al. 2012). Group: broad LNs belonging to the LN2 type (Tanaka et al. 2012)
1640572741,3026,16932,16932,13333,Traced,lLN2T_b(Tortuous)_R,3897224787,True,right,lLN2T_b,lLN2T,lLN2T_a-c,l_LN_broad_,ALLN_broad,AVM02,2.14,2,4955,8378,6002,10922,17948.6450783654,5704.62385240181,10387.1699704601,57.8563636190021,0.000224306367773375,Type: Tortuous (similar to patchy) LNs belonging to the LN2 type (Tanaka et al. 2012). Group: broad LNs belonging to the LN2 type (Tanaka et al. 2012)
5813034493,3003,16862,16862,13262,Traced,lLN2T_b(Tortuous)_R,3903840616,True,right,lLN2T_b,lLN2T,lLN2T_a-c,l_LN_regional_,ALLN_regional,AVM02,2.1319999999999997,2,1161,12093,1279,15571,17578.0107319778,1355.99267316504,14225.681812455701,51.4585481225146,0.000328156792965606,"Type: Tortuous (similar to patchy) LNs belonging to the LN2 type (Tanaka et al. 2012). Group: broad, regional LNs belonging to the LN2 type (Tanaka et al. 2012)"
1671292719,2665,16868,16868,13035,Traced,lLN2T_c(Tortuous)_R,3706549883,True,right,lLN2T_c,lLN2T,lLN2T_a-c,l_LN_broad_,ALLN_broad,AVM02,2.5669999999999997,3,4607,8428,5863,10997,16057.3024131458,5233.35486681556,8761.064940026221,80.91277988623371,2.55034010521182e-05,Type: Tortuous (similar to patchy) LNs belonging to the LN2 type (Tanaka et al. 2012). Group: broad LNs belonging to the LN2 type (Tanaka et al. 2012)
1704347707,2810,18156,18156,13388,Traced,lLN2T_c(Tortuous)_R,4044170653,True,right,lLN2T_c,lLN2T,lLN2T_a-c,l_LN_broad_,ALLN_broad,AVM02,2.465,3,3813,9575,4825,13310,16892.368345908402,4195.33163434558,10657.1544265336,72.5267174918665,0.000315947858296695,Type: Tortuous (similar to patchy) LNs belonging to the LN2 type (Tanaka et al. 2012). Group: broad LNs belonging to the LN2 type (Tanaka et al. 2012)
1667251683,3575,10899,10899,12235,Traced,lLN2T_d(Tortuous)_R,3996776262,True,right,lLN2T_d,lLN2T,lLN2T_d-e,l_LN_regional_bil,ALLN_regional,AVM02,2.282,2,7429,4688,6355,4523,15102.3200255696,7554.08692612833,5553.66136253648,48.229220884945406,0.0006265665345013269,Type: Tortuous (similar to patchy) LNs belonging to the LN2 type (Tanaka et al. 2012). Group: bilateral LNs belonging to the LN2 type (Tanaka et al. 2012)
1762354941,2092,12006,12006,9084,Traced,lLN2T_a(Tortuous)_R,3763019985,True,right,lLN2T_a,lLN2T,lLN2T_a-c,l_LN_broad_,ALLN_broad,AVM02,2.6719999999999997,3,3115,5765,4027,7704,13840.0938640772,4191.231400362971,7920.868651776279,52.57560555763251,4.46531170607001e-05,Type: Tortuous (similar to patchy) LNs belonging to the LN2 type (Tanaka et al. 2012). Group: broad LNs belonging to the LN2 type (Tanaka et al. 2012)
1640922516,2785,10535,10535,11370,Traced,lLN2T_e(Tortuous)_R,3772868840,True,right,lLN2T_e,lLN2T,lLN2T_d-e,l_LN_broad_bil,ALLN_broad,AVM02,2.6010000000000004,3,7466,3854,6883,3616,16528.6699852296,9470.12627630717,5070.70047383166,93.19521124511299,1.25190434789868e-05,Type: Tortuous (similar to patchy) LNs belonging to the LN2 type (Tanaka et al. 2012). Group: bilateral LNs belonging to the LN2 type (Tanaka et al. 2012)
5813055277,2155,12443,12443,9289,Traced,lLN2T_a(Tortuous)_R,4189794868,True,right,lLN2T_a,lLN2T,lLN2T_a-c,l_LN_broad_,ALLN_broad,AVM02,2.657,3,2704,6582,3377,9053,14980.392336803301,3747.18069572228,9479.29990034554,58.8670500187712,0.000337821118555182,Type: Tortuous (similar to patchy) LNs belonging to the LN2 type (Tanaka et al. 2012). Group: broad LNs belonging to the LN2 type (Tanaka et al. 2012)
5813056598,2364,8996,8996,9735,Traced,lLN2T_a(Tortuous)_R,2601647882,True,right,lLN2T_a,lLN2T,lLN2T_a-c,l_LN_broad_,ALLN_broad,AVM02,2.7110000000000003,3,4631,5089,4178,4804,12229.4031035544,5164.7856439570005,5666.302419513,33.4528466098827,9.218508350450351e-05,Type: Tortuous (similar to patchy) LNs belonging to the LN2 type (Tanaka et al. 2012). Group: broad LNs belonging to the LN2 type (Tanaka et al. 2012)
1730327790,2957,11904,11904,12526,Traced,lLN2T_a(Tortuous)_R,3882947305,True,right,lLN2T_a,lLN2T,lLN2T_a-c,l_LN_broad_,ALLN_broad,AVM02,2.419,3,5660,6862,5248,6641,15643.9243573206,6191.2481224206995,7741.1449203187,47.5120278845881,8.17815762510499e-05,Type: Tortuous (similar to patchy) LNs belonging to the LN2 type (Tanaka et al. 2012). Group: broad LNs belonging to the LN2 type (Tanaka et al. 2012)
5813054726,2858,9231,9231,11073,Traced,lLN2T_a(Tortuous)_R,3049419327,True,right,lLN2T_a,lLN2T,lLN2T_a-c,l_LN_broad_,ALLN_broad,AVM02,2.43,3,6039,4949,4993,4223,11582.652609224298,5526.392089542789,4617.80998359675,50.8737129091117,4.44401738239897e-05,Type: Tortuous (similar to patchy) LNs belonging to the LN2 type (Tanaka et al. 2012). Group: broad LNs belonging to the LN2 type (Tanaka et al. 2012)
1672320134,2401,8642,8642,9432,Traced,lLN2T_a(Tortuous)_R,2689202333,True,right,lLN2T_a,lLN2T,lLN2T_a-c,l_LN_broad_,ALLN_broad,AVM02,2.823,3,6925,2502,6297,2335,11944.901115081399,7778.11650797353,2691.64502261274,23.2405051552873,2.3875911244197698e-05,Type: Tortuous (similar to patchy) LNs belonging to the LN2 type (Tanaka et al. 2012). Group: broad LNs belonging to the LN2 type (Tanaka et al. 2012)
5901197989,114,208,208,537,Traced,lLN9_R,281264187,True,right,lLN9,lLN9,lLN7-9,l_LN_sparse_bil,ALLN_sparse,AVM02,2.184,2,466,62,112,86,1048.89729901413,451.92284251574097,297.743498335126,63.4706881512465,0.0954370332224173,Type: sparse bilateral LNs with dense innervation in VA1 Glom. Group: bilateral sparse or regional LNs belonging l lineage 
2041993364,328,849,849,1441,Traced,lLN7_R,1387629816,True,right,lLN7,lLN7,lLN7-9,l_LN_regional_bil,ALLN_regional,AVM02,2.553,3,1231,191,641,197,2730.0202774404997,1527.05157915559,475.44366999310404,136.292026042749,0.0122855265172862,Type: unique regional bilateral LN with a thick neurite towards the GNG. Group: bilateral sparse or regional LNs belonging l lineage 
1669924220,2367,7444,7444,7823,Traced,lLN2T_d(Tortuous)_R,2689482240,False,right,lLN2T_d,lLN2T,lLN2T_d-e,l_LN_regional_bil,ALLN_regional,AVM02,2.219,2,3912,3698,3585,3732,11355.4879654026,4868.756996795661,4728.176471892621,34.3130655736079,0.000419161647095656,Type: Tortuous (similar to patchy) LNs belonging to the LN2 type (Tanaka et al. 2012). Group: bilateral LNs belonging to the LN2 type (Tanaka et al. 2012)
1795734228,312,840,840,1389,Traced,lLN8_R,976115393,True,right,lLN8,lLN8,lLN7-9,l_LN_sparse_bil,ALLN_sparse,AVM02,2.09,2,999,295,528,268,2812.05955480325,1273.09216747694,645.154636242117,233.274662956876,0.0104981299819473,Type: sparse bilateral LNs with dense innervation in DL2 and DP1 Glom. Group: bilateral sparse or regional LNs belonging l lineage 
1857799548,884,6977,6977,5114,Traced,lLN2P_a(Patchy)_R,1657026553,True,right,lLN2P_a,lLN2P,lLN2P,l_LN_patchy_,ALLN_patchy,AVM02,2.425,2,2965,2149,3994,2969,9146.10524039322,4247.42465683478,2725.49684532933,65.5892931884344,2.8004445067231203e-05,Type: patchy LNs belonging to the LN2 type (Tanaka et al. 2012). Group: patchy LNs belonging to the LN2 type (Tanaka et al. 2012)
1885765762,351,643,643,1478,Traced,lLN8_R,1159868950,True,right,lLN8,lLN8,lLN7-9,l_LN_sparse_bil,ALLN_sparse,AVM02,2.074,2,955,504,195,441,2511.97863784489,865.534356388909,1075.08330184093,46.33806071970961,0.08526374061083501,Type: sparse bilateral LNs with dense innervation in DL2 and DP1 Glom. Group: bilateral sparse or regional LNs belonging l lineage 
1857485083,95,155,155,402,Traced,lLN9_R,295494646,True,right,lLN9,lLN9,lLN7-9,l_LN_sparse_bil,ALLN_sparse,AVM02,2.45,2,313,27,56,93,1010.2820884916999,390.637410543321,353.56682245697505,41.582212682213296,0.264617295674782,Type: sparse bilateral LNs with dense innervation in VA1 Glom. Group: bilateral sparse or regional LNs belonging l lineage 
1699974843,2938,10633,10633,11917,Traced,lLN2T_e(Tortuous)_R,3814017741,True,right,lLN2T_e,lLN2T,lLN2T_d-e,l_LN_broad_bil,ALLN_broad,AVM02,2.6239999999999997,3,7944,3973,6948,3675,16213.326472603101,9607.68301354323,4986.18683368974,28.3422751317527,0.000126711406515212,Type: Tortuous (similar to patchy) LNs belonging to the LN2 type (Tanaka et al. 2012). Group: bilateral LNs belonging to the LN2 type (Tanaka et al. 2012)
1793744512,328,940,940,2045,Traced,l2LN19_R,659737945,True,right,l2LN19,l2LN19,l2LN19,l2_LN_sparse_,ALLN_sparse,AVM03,2.255,2,1082,956,208,714,2437.7323762146802,463.622292631772,1353.95983286444,103.841275935529,0.0687693520250064,"Type: sparse LN innervating  mainly the V, VM7 and DC4 Glom. Group: pair sparse LN of the l2 lineage"
2007578488,210,928,928,1498,Traced,l2LN20_R,530534474,True,right,l2LN20,l2LN20,l2LN20,l2_LN_sparse_bil,ALLN_sparse,AVM03,2.327,2,1101,351,301,609,2144.69529518933,701.94849664224,800.658766289749,62.4161937527306,0.136525436867848,"Type: only two bilateral LNs in the l2 hemilineage, mainly innervating VP2, VP3 and VP5. Group: pair sparse bilateral LN of the l2 lineage"
5813054773,2893,11814,11814,12430,Traced,l2LN18_R,3927754800,True,right,l2LN18,l2LN18,l2LN18,l2_LN_broad_,ALLN_broad,AVM03,2.428,2,8672,3757,8104,3700,15165.1447789691,9262.48870866165,4300.70084682133,61.56762455244721,0.000105704063226297,Type: only broad LN in the l2 hemilineage. Group: only broad LN of the l2 lineage
1976565858,228,1367,1367,1695,Traced,l2LN21_R,956577471,True,right,l2LN21,l2LN21,l2LN21-23,l2_LN_sparse_,ALLN_sparse,AVM03,2.074,2,1687,0,121,1236,2404.81305844727,467.17625106364005,1099.6193208703999,47.5116217770642,0.7877340162397769,"Type: in morphology similar to the l2LN20 but it is not bilateral, mainly innervating VP2, VP3, VP5. Group: sparse LNs of the l2 lineage innervating VP and V Gloms"
1702336197,296,1050,1050,1900,Traced,l2LN19_R,708297657,True,right,l2LN19,l2LN19,l2LN19,l2_LN_sparse_,ALLN_sparse,AVM03,2.207,2,966,918,189,848,2545.94722244768,478.94126018070295,1428.88942034246,108.353139263622,0.0856073032853167,"Type: sparse LN innervating  mainly the V, VM7 and DC4 Glom. Group: pair sparse LN of the l2 lineage"
2101339904,267,694,694,1318,Traced,l2LN22_R,406391392,True,right,l2LN22,l2LN22,l2LN21-23,l2_LN_sparse_,ALLN_sparse,AVM03,2.0180000000000002,2,695,610,352,338,1805.24005654005,598.493947161686,637.733569215499,31.8807034766685,0.000353523302510927,"Type: sparse LN innervating the VP Glom, strongest in VP3. Group: sparse LNs of the l2 lineage innervating VP and V Gloms"
2007578510,202,653,653,1421,Traced,l2LN20_R,556370390,True,right,l2LN20,l2LN20,l2LN20,l2_LN_sparse_bil,ALLN_sparse,AVM03,2.209,2,781,622,108,537,1777.2901037874801,316.61191021124597,830.1348952467239,50.95473398537249,0.11509052491863302,"Type: only two bilateral LNs in the l2 hemilineage, mainly innervating VP2, VP3 and VP5. Group: pair sparse bilateral LN of the l2 lineage"
5813003258,240,638,638,1230,Traced,l2LN22_R,393980593,True,right,l2LN22,l2LN22,l2LN21-23,l2_LN_sparse_,ALLN_sparse,AVM03,2.015,2,870,309,453,177,1639.5184726782502,735.485303553073,312.180920853198,34.1807004332037,0.00031669104412557203,"Type: sparse LN innervating the VP Glom, strongest in VP3. Group: sparse LNs of the l2 lineage innervating VP and V Gloms"
1763037543,477,2699,2699,2864,Traced,vLN24,997633831,False,right,vLN24,vLN24,vLN24-25,v_LN_regional_,ALLN_regional,AVM04,2.166,2,2640,222,1615,1078,5562.24725397933,3224.5208606830797,1078.98661907263,19.9452649009809,0.111481547016902,"Type: regional almost broad LNs, strongly innervating the V Glom. Group: regionl LN from the v lineage"
1761345315,750,4989,4989,3715,Traced,vLN24_R,1820781358,True,right,vLN24,vLN24,vLN24-25,v_LN_regional_,ALLN_regional,AVM04,2.221,2,1056,2659,1273,3711,9308.32071233635,2007.2229260102201,5321.83320497572,39.6330555820903,0.000758053690851246,"Type: regional almost broad LNs, strongly innervating the V Glom. Group: regionl LN from the v lineage"
5813018847,452,1229,1229,2636,Traced,vLN27_R,706162121,False,right,vLN27,vLN27,vLN27-29,v_LN_sparse_,ALLN_sparse,AVM04,2.263,2,1130,1499,401,822,3551.31210421182,1049.26506665136,1314.3666932832302,121.55084790898,0.007626252553724179,"Type: sparse LN innervating mainly VC5 Glom, unique additiona neurite. Group: sparse LN from the v lineage with dense neurites in VC5 Glom"
1794037618,456,2547,2547,3151,Traced,vLN25,1174173251,False,right,vLN25,vLN25,vLN24-25,v_LN_regional_,ALLN_regional,AVM04,2.175,2,2686,406,1661,860,4149.77347902937,2239.44411664606,1006.08995082074,47.9404268315157,0.0456145100136196,"Type: regional LNs innervating the same area of the AL, strongly innervating the VL2 and DP1l Glom. Group: regionl LN from the v lineage"
5813018729,451,2448,2448,3146,Traced,vLN25_R,1180775155,False,right,vLN25,vLN25,vLN24-25,v_LN_regional_,ALLN_regional,AVM04,2.186,2,2453,622,1198,1242,3917.86020374616,1761.1019580628897,1409.3147822339802,11.548462186146299,0.0762331802238129,"Type: regional LNs innervating the same area of the AL, strongly innervating the VL2 and DP1l Glom. Group: regionl LN from the v lineage"
2132374646,112,185,185,854,Traced,v2LN2_R,238601544,False,right,v2LN2,v2LN2,v2LN2 v2LN39  v2LN49-50,v2_LN_sparse_,ALLN_sparse,AVM05,2.095,2,848,6,75,104,864.271328358103,242.08757977519798,284.99136584733503,68.1040191647914,0.40492766416886605,Type: ventral LNs belonging to the LN2 type (Tanaka et al. 2012). Group: unilateral sparse LN belonging to the v2 lineage with weak neurites
1671620613,3134,14703,14703,18067,Traced,v2LN30_R,4806098402,True,right,v2LN30,v2LN30,v2LN30 v2LN37,v2_LN_regional_,ALLN_regional,AVM05,2.52,3,3892,14150,2925,11745,21181.3389158617,3561.7751461833204,12960.718844062,80.0674279555381,0.000291373717562271,Type: unique regional LN. Group: regional LNs belonging to the v2 lineage
1820721562,197,355,355,1125,Traced,v2LN32_R,492332216,True,right,v2LN32,v2LN32,v2LN4  v2LN32-33  v2LN38  v2LN42-45,v2_LN_sparse_bil,ALLN_sparse,AVM05,2.862,3,237,802,25,320,1787.1034839582699,312.010422971508,776.110875660571,56.330762708348395,0.0307950364486219,Type: unique sparse bilateral LN. Group: bilateral sparse LN belonging to the v2 lineage with weak neurites
5813078133,219,1378,1378,1214,Traced,v2LN33_R,941469513,True,right,v2LN33,v2LN33,v2LN4  v2LN32-33  v2LN38  v2LN42-45,v2_LN_sparse_bil,ALLN_sparse,AVM05,2.278,2,838,260,577,757,2599.20526037225,1041.27234174546,850.108579528044,80.17196349130991,0.0833474840498727,Type: sparse bilateral LN with strong innervation in VL1 Glom and additional neurites in the same area of AL. Group: bilateral sparse LN belonging to the v2 lineage with weak neurites
1730979793,480,1972,1972,2226,Traced,v2LN31_R,1570685858,True,right,v2LN31,v2LN31,v2LN31,v2_LN_sparse_bil,ALLN_sparse,AVM05,2.059,2,1030,1161,256,1710,3578.9956374184794,691.999551430664,1798.2363704277102,90.80820193547,0.103035453459973,Type: unique sparse bilateral LN. Group: bilateral sparse LN belonging to the v2 lineage
2039273648,128,310,310,943,Traced,v2LN2_R,453407213,True,right,v2LN2,v2LN2,v2LN2 v2LN39  v2LN49-50,v2_LN_sparse_,ALLN_sparse,AVM05,2.097,2,752,181,70,233,1282.85548854846,259.849693920055,504.271377386002,22.408453929159002,0.240173407492526,Type: ventral LNs belonging to the LN2 type (Tanaka et al. 2012). Group: unilateral sparse LN belonging to the v2 lineage with weak neurites
5813102390,95,274,274,756,Traced,v2LN2_R,197717489,False,right,v2LN2,v2LN2,v2LN2 v2LN39  v2LN49-50,v2_LN_sparse_,ALLN_sparse,AVM05,2.148,2,750,3,68,201,910.207426980348,235.745158365721,368.19822818365304,10.3650426898313,0.575824079410834,Type: ventral LNs belonging to the LN2 type (Tanaka et al. 2012). Group: unilateral sparse LN belonging to the v2 lineage with weak neurites
5901196806,408,1360,1360,2107,Traced,v2LN3a_R,960110844,True,right,v2LN3A,v2LN3A,v2LN3,v2_LN_regional_bil,ALLN_regional,AVM05,2.228,2,1326,729,663,650,3728.34234843302,1449.11224903844,1369.02653421342,62.136106711623604,0.0144301310247305,Type: regional bilateral LNs belonging to the LN3 type (Tanaka et al. 2012). Group: regional bilateral LNs belonging to the LN3 type (Tanaka et al. 2012)
1700644008,291,940,940,1417,Traced,v2LN3a_R,771464955,True,right,v2LN3A,v2LN3A,v2LN3,v2_LN_regional_bil,ALLN_regional,AVM05,2.302,2,907,441,413,508,2996.43971359915,1439.4540472373199,929.808111827818,117.978681878986,0.0369859227489204,Type: regional bilateral LNs belonging to the LN3 type (Tanaka et al. 2012). Group: regional bilateral LNs belonging to the LN3 type (Tanaka et al. 2012)
1730651751,325,1238,1238,1681,Traced,v2LN3a_R,822424877,True,right,v2LN3A,v2LN3A,v2LN3,v2_LN_regional_bil,ALLN_regional,AVM05,2.173,2,861,799,463,767,3300.23608278186,1138.40884739421,1553.8750927237802,5.7457784079232095,0.0146993334055491,Type: regional bilateral LNs belonging to the LN3 type (Tanaka et al. 2012). Group: regional bilateral LNs belonging to the LN3 type (Tanaka et al. 2012)
2008926220,118,338,338,941,Traced,v2LN39b_R,457846192,True,right,v2LN39B,v2LN39B,v2LN2 v2LN39  v2LN49-50,v2_LN_sparse_,ALLN_sparse,AVM05,2.084,2,699,242,80,251,1438.62931118005,275.555056933881,582.8658575283271,45.47984795465611,0.17794204999915,Type: sparse LNs innervating mainly the VP Glom but with additional neurites . Group: unilateral sparse LN belonging to the v2 lineage with weak neurites
1888199872,468,1737,1737,2381,Traced,v2LN3b_R,1061664532,True,right,v2LN3B,v2LN3B,v2LN3,v2_LN_regional_bil,ALLN_regional,AVM05,2.407,2,867,1514,491,1235,4306.55630542034,1102.63295230799,2297.7969529973,97.0637801317438,0.00517738993833616,Type: regional bilateral LNs belonging to the LN3 type (Tanaka et al. 2012). Group: regional bilateral LNs belonging to the LN3 type (Tanaka et al. 2012)
1728315957,185,1333,1333,1093,Traced,v2LN33_R,693760070,True,right,v2LN33,v2LN33,v2LN4  v2LN32-33  v2LN38  v2LN42-45,v2_LN_sparse_bil,ALLN_sparse,AVM05,2.305,2,580,408,300,952,2089.26023900813,601.141434141234,891.7529978872329,27.558906273126198,0.0921505837095896,Type: sparse bilateral LN with strong innervation in VL1 Glom and additional neurites in the same area of AL. Group: bilateral sparse LN belonging to the v2 lineage with weak neurites
1920590638,356,1237,1237,1772,Traced,v2LN3b_R,613090803,False,right,v2LN3B,v2LN3B,v2LN3,v2_LN_regional_bil,ALLN_regional,AVM05,2.541,2,773,990,355,873,3260.2076488317603,1036.7340118296302,1620.33523111352,56.742871479887704,0.0172320039808888,Type: regional bilateral LNs belonging to the LN3 type (Tanaka et al. 2012). Group: regional bilateral LNs belonging to the LN3 type (Tanaka et al. 2012)
1730996778,267,804,804,1323,Traced,v2LN3a_R,461690230,False,right,v2LN3A,v2LN3A,v2LN3,v2_LN_regional_bil,ALLN_regional,AVM05,2.202,2,518,778,131,664,2557.06967015679,431.04587582834,1546.43865617071,94.7982730939205,0.0484880422999773,Type: regional bilateral LNs belonging to the LN3 type (Tanaka et al. 2012). Group: regional bilateral LNs belonging to the LN3 type (Tanaka et al. 2012)
1759674685,199,762,762,1404,Traced,v2LN34a_R,351222272,False,right,v2LN34A,v2LN34A,v2LN34-35,v2_LN_regional_bil,ALLN_regional,AVM05,2.96,3,742,662,84,669,2158.12314691446,503.041127219102,1206.50165180064,52.16380019842261,0.144187520498235,Type: regional or sparse bilateral LNs with neurites in similar region of AL. Group: bilateral regional and sparse LNs belonging to the v2 lineage
5901198734,176,654,654,1272,Traced,v2LN34a_R,292428168,False,right,v2LN34A,v2LN34A,v2LN34-35,v2_LN_regional_bil,ALLN_regional,AVM05,2.812,3,796,476,182,466,2150.5101425150897,675.627256775883,1062.0416254111099,55.1208237804616,0.0853287710950593,Type: regional or sparse bilateral LNs with neurites in similar region of AL. Group: bilateral regional and sparse LNs belonging to the v2 lineage
1857830017,165,770,770,1151,Traced,v2LN34a_R,315116407,False,right,v2LN34A,v2LN34A,v2LN34-35,v2_LN_regional_bil,ALLN_regional,AVM05,2.745,3,610,539,124,637,2229.10334158386,568.103715608319,1240.6431493230803,49.225030778172,0.108853347855987,Type: regional or sparse bilateral LNs with neurites in similar region of AL. Group: bilateral regional and sparse LNs belonging to the v2 lineage
5812990165,153,542,542,1095,Traced,v2LN34a_R,300896250,False,right,v2LN34A,v2LN34A,v2LN34-35,v2_LN_regional_bil,ALLN_regional,AVM05,2.9560000000000004,3,685,410,227,305,1702.7879482507299,724.5252858573771,651.247011088621,61.479156624851896,0.0278978374378916,Type: regional or sparse bilateral LNs with neurites in similar region of AL. Group: bilateral regional and sparse LNs belonging to the v2 lineage
5813034306,181,982,982,1012,Traced,v2LN34b_R,478157912,True,right,v2LN34B,v2LN34B,v2LN34-35,v2_LN_regional_bil,ALLN_regional,AVM05,2.471,2,370,557,174,751,2428.34499664977,590.556694800753,1207.60861121437,78.3373559283703,0.0393815550962576,Type: regional or sparse bilateral LNs with neurites in similar region of AL. Group: bilateral regional and sparse LNs belonging to the v2 lineage
1888860489,235,1293,1293,1302,Traced,v2LN34b_R,439595080,False,right,v2LN34B,v2LN34B,v2LN34-35,v2_LN_regional_bil,ALLN_regional,AVM05,2.388,2,391,911,248,1035,2911.51865179603,753.887691598394,1659.23690586432,22.8582922752595,0.0111739865198189,Type: regional or sparse bilateral LNs with neurites in similar region of AL. Group: bilateral regional and sparse LNs belonging to the v2 lineage
1856466057,118,689,689,713,Traced,v2LN34b_R,227820455,False,right,v2LN34B,v2LN34B,v2LN34-35,v2_LN_sparse_bil,ALLN_sparse,AVM05,2.354,2,361,347,84,591,1542.9316810329901,336.184924987982,873.756575990132,61.9490445848748,0.130021989271816,Type: regional or sparse bilateral LNs with neurites in similar region of AL. Group: bilateral regional and sparse LNs belonging to the v2 lineage
5813002250,114,434,434,721,Traced,v2LN34b_R,169706653,False,right,v2LN34B,v2LN34B,v2LN34-35,v2_LN_sparse_bil,ALLN_sparse,AVM05,2.7430000000000003,2,279,268,67,342,1126.59231261325,180.167860680331,597.521563025486,81.0257826110056,0.0985025891408796,Type: regional or sparse bilateral LNs with neurites in similar region of AL. Group: bilateral regional and sparse LNs belonging to the v2 lineage
2071677193,164,989,989,919,Traced,v2LN34c_R,380599942,False,right,v2LN34C,v2LN34C,v2LN34-35,v2_LN_sparse_bil,ALLN_sparse,AVM05,2.415,2,313,599,83,897,2170.0614993757104,385.386927777909,1317.40537596848,41.2650300485296,0.0761932484957613,Type: regional or sparse bilateral LNs with neurites in similar region of AL. Group: bilateral regional and sparse LNs belonging to the v2 lineage
1915837804,142,850,850,759,Traced,v2LN34c_R,505677835,True,right,v2LN34C,v2LN34C,v2LN34-35,v2_LN_sparse_bil,ALLN_sparse,AVM05,2.375,2,535,224,372,470,2004.7197825269102,872.2744529697079,642.762263088753,22.093122250443603,0.0515863070663395,Type: regional or sparse bilateral LNs with neurites in similar region of AL. Group: bilateral regional and sparse LNs belonging to the v2 lineage
5813057474,92,398,398,603,Traced,v2LN34d_R,306540028,False,right,v2LN34D,v2LN34D,v2LN34-35,v2_LN_sparse_bil,ALLN_sparse,AVM05,2.61,3,87,428,10,381,1566.87933741839,49.3456832471015,1065.69049391613,84.98916696370401,0.0450408480065547,Type: regional or sparse bilateral LNs with neurites in similar region of AL. Group: bilateral regional and sparse LNs belonging to the v2 lineage
1915159759,94,416,416,617,Traced,v2LN34d_R,443976127,True,right,v2LN34D,v2LN34D,v2LN34-35,v2_LN_sparse_bil,ALLN_sparse,AVM05,2.602,3,340,262,61,348,1520.5654250899802,275.211958136553,837.532043566611,61.425356113422495,0.13855231113989402,Type: regional or sparse bilateral LNs with neurites in similar region of AL. Group: bilateral regional and sparse LNs belonging to the v2 lineage
1913480167,221,1503,1503,1291,Traced,v2LN33_R,878934313,True,right,v2LN33,v2LN33,v2LN4  v2LN32-33  v2LN38  v2LN42-45,v2_LN_sparse_bil,ALLN_sparse,AVM05,2.311,2,1016,259,1083,402,2478.05166732428,1445.04035163156,392.00854437115,64.6958975632648,0.00454773909876349,Type: sparse bilateral LN with strong innervation in VL1 Glom and additional neurites in the same area of AL. Group: bilateral sparse LN belonging to the v2 lineage with weak neurites
1794080892,110,264,264,687,Traced,v2LN34e_R,332471786,True,right,v2LN34E,v2LN34E,v2LN34-35,v2_LN_sparse_bil,ALLN_sparse,AVM05,3.0010000000000003,3,564,123,74,176,1329.58183156887,426.95035308205104,589.985494943527,67.6376137105961,0.20613616187064301,Type: regional or sparse bilateral LNs with neurites in similar region of AL. Group: bilateral regional and sparse LNs belonging to the v2 lineage
1670636531,91,291,291,658,Traced,v2LN34e_R,348901389,True,right,v2LN34E,v2LN34E,v2LN34-35,v2_LN_sparse_bil,ALLN_sparse,AVM05,2.946,3,637,21,55,223,1279.3069288714698,392.340450765361,548.951688593723,71.60301695387379,0.537032836599886,Type: regional or sparse bilateral LNs with neurites in similar region of AL. Group: bilateral regional and sparse LNs belonging to the v2 lineage
1854419820,67,256,256,567,Traced,v2LN34e_R,301028710,True,right,v2LN34E,v2LN34E,v2LN34-35,v2_LN_sparse_bil,ALLN_sparse,AVM05,3.03,3,567,0,54,193,1107.4945260704699,387.46071983012,474.427734326002,69.4409911531955,0.6327656636658541,Type: regional or sparse bilateral LNs with neurites in similar region of AL. Group: bilateral regional and sparse LNs belonging to the v2 lineage
1856129403,47,263,263,391,Traced,v2LN34e_R,145557058,False,right,v2LN34E,v2LN34E,v2LN34-35,v2_LN_sparse_bil,ALLN_sparse,AVM05,2.8569999999999998,3,365,0,127,132,936.6897207288761,384.35316201389196,272.81328064531397,62.0450721190182,0.336499151748972,Type: regional or sparse bilateral LNs with neurites in similar region of AL. Group: bilateral regional and sparse LNs belonging to the v2 lineage
1668275074,170,543,543,1165,Traced,v2LN34f_R,455583564,True,right,v2LN34F,v2LN34F,v2LN34-35,v2_LN_regional_bil,ALLN_regional,AVM05,3.128,3,797,368,102,436,1998.93464415869,514.668533628694,1010.0416225353099,86.45944584166229,0.178744325595877,Type: regional or sparse bilateral LNs with neurites in similar region of AL. Group: bilateral regional and sparse LNs belonging to the v2 lineage
1764388538,349,1499,1499,1745,Traced,v2LN35_R,864276819,True,right,v2LN35,v2LN35,v2LN34-35,v2_LN_regional_bil,ALLN_regional,AVM05,2.428,2,847,836,718,737,3583.12289677432,1277.68067413238,1393.72055825414,20.9078547735542,6.91381314057438e-05,Type: regional bilateral LNs innervating similar region of AL. Group: bilateral regional and sparse LNs belonging to the v2 lineage
1668944259,303,1142,1142,1453,Traced,v2LN35_R,595394376,False,right,v2LN35,v2LN35,v2LN34-35,v2_LN_regional_bil,ALLN_regional,AVM05,2.52,2,714,739,190,947,3394.90593730005,768.6928336391769,2081.03558813807,48.9818851803918,0.0874552826070637,Type: regional bilateral LNs innervating similar region of AL. Group: bilateral regional and sparse LNs belonging to the v2 lineage
1733056086,246,1037,1037,1498,Traced,v2LN35_R,573458586,True,right,v2LN35,v2LN35,v2LN34-35,v2_LN_regional_bil,ALLN_regional,AVM05,2.551,2,821,670,133,897,2835.5718017515696,603.622497442155,1718.11291157454,58.172189781902105,0.146657828367073,Type: regional bilateral LNs innervating similar region of AL. Group: bilateral regional and sparse LNs belonging to the v2 lineage
5813054716,1588,7315,7315,6310,Traced,v2LN36_R,2005804800,True,right,v2LN36,v2LN36,v2LN36,v2_LN_sparse_,ALLN_sparse,AVM05,2.066,2,2267,4040,2331,4970,8858.47415171235,2290.69065606085,4372.803612978039,38.3558343356449,0.00129755460195513,Type: unique sparse LN. Group: unilateral sparse LN belonging to the v2 lineage
1916485259,572,2179,2179,4420,Traced,v2LN37_R,1038680078,True,right,v2LN37,v2LN37,v2LN30 v2LN37,v2_LN_regional_,ALLN_regional,AVM05,2.423,2,2756,1643,343,1826,4563.96183068392,658.558266963004,2792.98273028328,51.1666371944833,0.165235549037989,Type: unique regional LN. Group: regional LNs belonging to the v2 lineage
2038280489,143,470,470,741,Traced,v2LN38_R,251439596,False,right,v2LN38,v2LN38,v2LN4  v2LN32-33  v2LN38  v2LN42-45,v2_LN_sparse_bil,ALLN_sparse,AVM05,2.0580000000000003,2,165,547,102,362,1370.79697275981,240.81428426312303,539.303204726414,113.66621527107701,0.000144419522746242,"Type: sparse bilateral LNs innervating the VP Glom, mainly VP5. Group: bilateral sparse LN belonging to the v2 lineage with weak neurites"
1883443069,151,465,465,806,Traced,v2LN38_R,264462199,False,right,v2LN38,v2LN38,v2LN4  v2LN32-33  v2LN38  v2LN42-45,v2_LN_sparse_bil,ALLN_sparse,AVM05,2.103,2,473,295,211,241,1408.7616948520001,475.846422426694,339.299426466576,146.213931031173,0.0159323137121281,"Type: sparse bilateral LNs innervating the VP Glom, mainly VP5. Group: bilateral sparse LN belonging to the v2 lineage with weak neurites"
1826458709,82,313,313,516,Traced,v2LN34d_R,483917197,True,right,v2LN34D,v2LN34D,v2LN34-35,v2_LN_sparse_bil,ALLN_sparse,AVM05,2.504,3,263,253,40,267,1334.6331394025,216.85087934736902,689.2865835017619,39.7934099304141,0.119846679063375,Type: regional or sparse bilateral LNs with neurites in similar region of AL. Group: bilateral regional and sparse LNs belonging to the v2 lineage
1887177026,115,399,399,871,Traced,v2LN39a_R,387872874,True,right,v2LN39A,v2LN39A,v2LN2 v2LN39  v2LN49-50,v2_LN_sparse_,ALLN_sparse,AVM05,2.156,2,838,20,160,231,1433.2438431197597,436.929220755434,405.52951391188105,56.987439041657495,0.34418301296155396,Type: sparse LNs innervating mainly the VP Glom but with additional neurites . Group: unilateral sparse LN belonging to the v2 lineage with weak neurites
2069989274,171,283,283,1429,Traced,v2LN39a_R,270238491,False,right,v2LN39A,v2LN39A,v2LN2 v2LN39  v2LN49-50,v2_LN_sparse_,ALLN_sparse,AVM05,2.1590000000000003,2,736,693,27,254,1147.0269907389,236.722866715894,578.355251215693,7.08312914905241,0.12643605399404698,Type: sparse LNs innervating mainly the VP Glom but with additional neurites . Group: unilateral sparse LN belonging to the v2 lineage with weak neurites
2100666288,159,368,368,1165,Traced,v2LN39a_R,292050387,False,right,v2LN39A,v2LN39A,v2LN2 v2LN39  v2LN49-50,v2_LN_sparse_,ALLN_sparse,AVM05,2.114,2,1134,26,63,302,1165.27327964258,380.183549244543,394.639786686319,47.2095150114699,0.597659896563816,Type: sparse LNs innervating mainly the VP Glom but with additional neurites . Group: unilateral sparse LN belonging to the v2 lineage with weak neurites
2256863785,154,286,286,1234,Traced,v2LN39a_R,383946688,True,right,v2LN39A,v2LN39A,v2LN2 v2LN39  v2LN49-50,v2_LN_sparse_,ALLN_sparse,AVM05,2.175,2,981,252,49,233,1358.58242395134,304.312753535733,465.046523940379,36.8798560224851,0.26813660591710897,Type: sparse LNs innervating mainly the VP Glom but with additional neurites . Group: unilateral sparse LN belonging to the v2 lineage with weak neurites
1915155414,161,317,317,975,Traced,v2LN39b_R,257030122,False,right,v2LN39B,v2LN39B,v2LN2 v2LN39  v2LN49-50,v2_LN_sparse_,ALLN_sparse,AVM05,2.145,2,651,305,91,219,1356.75186591297,450.257193204889,477.26587470109496,28.447920599665604,0.102779009718214,Type: sparse LNs innervating mainly the VP Glom but with additional neurites . Group: unilateral sparse LN belonging to the v2 lineage with weak neurites
5813066684,404,1392,1392,2357,Traced,v2LN5_R,1099295609,True,right,v2LN5,v2LN5,v2LN5  v2LN40-41  v2LN46-48,v2_LN_sparse_bil,ALLN_sparse,AVM05,2.0669999999999997,2,2095,174,710,673,2658.40072624435,976.7416258888361,589.891423008316,160.346414899305,0.16748597217288197,"Type: sparse bilateral LNs belonging to the LN5 type (Tanaka et al. 2012), VC5. Group: bilateral sparse LN belonging to the v2 lineage with dense neurites in single glom"
1883788812,88,541,541,520,Traced,v2LN50_R,488022421,True,right,v2LN50,v2LN50,v2LN2 v2LN39  v2LN49-50,v2_LN_sparse_,ALLN_sparse,AVM05,2.628,3,333,187,143,390,1827.2329118710602,331.451846871815,874.7441673803039,69.064892759306,0.103319034096794,"Type: unique LN, is being changed by Kei and Shin-ya. Group: unilateral sparse LN belonging to the v2 lineage with weak neurites"
1887837668,95,605,605,479,Traced,v2LN40_R,513946971,False,right,v2LN40,v2LN40,v2LN5  v2LN40-41  v2LN46-48,v2_LN_sparse_bil,ALLN_sparse,AVM05,2.057,2,225,252,50,553,1208.00055380666,229.549282821368,676.410373569401,54.468030489426496,0.14910975525389,Type: sparse bilateral LNs main innervation in  VL1 Glom. Group: bilateral sparse LN belonging to the v2 lineage with dense neurites in single glom
1947188040,41,349,349,286,Traced,v2LN40_R,208202370,False,right,v2LN40,v2LN40,v2LN5  v2LN40-41  v2LN46-48,v2_LN_sparse_bil,ALLN_sparse,AVM05,2.127,2,212,74,23,322,1112.02429309589,218.048753481339,583.075716746426,28.939465690055105,0.38790778239988,Type: sparse bilateral LNs main innervation in  VL1 Glom. Group: bilateral sparse LN belonging to the v2 lineage with dense neurites in single glom
1728294318,149,1043,1043,772,Traced,v2LN40_R,737203453,True,right,v2LN40,v2LN40,v2LN5  v2LN40-41  v2LN46-48,v2_LN_sparse_bil,ALLN_sparse,AVM05,2.0669999999999997,2,567,205,354,685,1639.89169677104,556.664901866793,636.453619365608,38.401053846615,0.11467367243284199,Type: sparse bilateral LNs main innervation in  VL1 Glom. Group: bilateral sparse LN belonging to the v2 lineage with dense neurites in single glom
2101015643,166,881,881,1335,Traced,v2LN41_R,351472150,False,right,v2LN41,v2LN41,v2LN5  v2LN40-41  v2LN46-48,v2_LN_sparse_bil,ALLN_sparse,AVM05,2.075,2,1065,121,27,845,1844.3139046920103,323.020988617252,980.0505091907919,4.713909503363331,0.649892611500227,"Type: sparse bilateral LNs innervating the VP Glom, VP1. Group: bilateral sparse LN belonging to the v2 lineage with dense neurites in single glom"
5813034455,554,1891,1891,2762,Traced,v2LN3b_R,1039370628,True,right,v2LN3B,v2LN3B,v2LN3,v2_LN_regional_bil,ALLN_regional,AVM05,2.516,2,1403,1354,775,1112,4570.46628838149,1755.5553689934302,1913.7314583795498,23.5435115522576,0.006934654578233721,Type: regional bilateral LNs belonging to the LN3 type (Tanaka et al. 2012). Group: regional bilateral LNs belonging to the LN3 type (Tanaka et al. 2012)
1977881942,122,882,882,762,Traced,v2LN42_R,444767926,True,right,v2LN42,v2LN42,v2LN4  v2LN32-33  v2LN38  v2LN42-45,v2_LN_sparse_bil,ALLN_sparse,AVM05,2.448,2,370,386,75,802,1881.96168385496,365.384935865016,1045.17586134631,68.68219051716589,0.15657831113413098,Type: sparse bilateral LNs innervating the VL1 and VL2p Glom. Group: bilateral sparse LN belonging to the v2 lineage with weak neurites
1883106059,5,786,786,32,Traced,v2LN4_R,560388121,True,right,v2LN4,v2LN4,v2LN4  v2LN32-33  v2LN38  v2LN42-45,v2_LN_sparse_bil,ALLN_sparse,AVM05,2.105,2,27,0,0,780,2005.15195902103,8.49000967652446,1150.37908937498,133.051438201557,1.0,Type: sparse bilateral LNs belonging to the LN4 type (Tanaka et al. 2012). Group: bilateral sparse LN belonging to the v2 lineage with weak neurites
5813108151,5,573,573,27,Traced,v2LN4_R,252336860,False,right,v2LN4,v2LN4,v2LN4  v2LN32-33  v2LN38  v2LN42-45,v2_LN_sparse_bil,ALLN_sparse,AVM05,2.079,2,8,0,0,568,1521.74643577364,0.537728556057785,894.038382213362,144.755927932962,1.0,Type: sparse bilateral LNs belonging to the LN4 type (Tanaka et al. 2012). Group: bilateral sparse LN belonging to the v2 lineage with weak neurites
1883442994,9,934,934,64,Traced,v2LN4_R,569286895,True,right,v2LN4,v2LN4,v2LN4  v2LN32-33  v2LN38  v2LN42-45,v2_LN_sparse_bil,ALLN_sparse,AVM05,2.127,2,41,3,4,925,2190.33890188045,14.656360048610999,1381.7795100548099,129.921612657532,0.8119844769684,Type: sparse bilateral LNs belonging to the LN4 type (Tanaka et al. 2012). Group: bilateral sparse LN belonging to the v2 lineage with weak neurites
1728294045,102,700,700,493,Traced,v2LN40_R,505645033,True,right,v2LN40,v2LN40,v2LN5  v2LN40-41  v2LN46-48,v2_LN_sparse_bil,ALLN_sparse,AVM05,2.093,2,187,287,147,521,1851.1829061503602,428.37517474702906,745.239022874042,91.53977363753059,0.026085431935147996,Type: sparse bilateral LNs main innervation in  VL1 Glom. Group: bilateral sparse LN belonging to the v2 lineage with dense neurites in single glom
1852754119,73,396,396,391,Traced,v2LN40_R,618346384,True,right,v2LN40,v2LN40,v2LN5  v2LN40-41  v2LN46-48,v2_LN_sparse_bil,ALLN_sparse,AVM05,2.056,2,324,9,110,280,1158.63549304776,421.341303561307,351.430540541856,24.8463475599027,0.427197888376837,Type: sparse bilateral LNs main innervation in  VL1 Glom. Group: bilateral sparse LN belonging to the v2 lineage with dense neurites in single glom
1888860914,30,334,334,211,Traced,v2LN40_R,216309176,False,right,v2LN40,v2LN40,v2LN5  v2LN40-41  v2LN46-48,v2_LN_sparse_bil,ALLN_sparse,AVM05,2.1109999999999998,2,111,100,23,306,1210.1516949673598,168.468480862174,671.566428651056,49.13485105959371,0.20265754897049498,Type: sparse bilateral LNs main innervation in  VL1 Glom. Group: bilateral sparse LN belonging to the v2 lineage with dense neurites in single glom
1947192569,309,1829,1829,1655,Traced,v2LN40_R,790057288,False,right,v2LN40,v2LN40,v2LN5  v2LN40-41  v2LN46-48,v2_LN_sparse_bil,ALLN_sparse,AVM05,2.068,2,946,651,626,1168,2448.55523236204,704.23739442025,1105.91014259143,127.169123733734,0.0433170970469736,Type: sparse bilateral LNs main innervation in  VL1 Glom. Group: bilateral sparse LN belonging to the v2 lineage with dense neurites in single glom
5813034203,51,376,376,356,Traced,v2LN45_R,334957258,True,right,v2LN45,v2LN45,v2LN4  v2LN32-33  v2LN38  v2LN42-45,v2_LN_sparse_bil,ALLN_sparse,AVM05,2.113,2,295,58,62,309,1123.41181989577,256.829584561611,504.275060903274,24.637040877876302,0.35214974732808,"Type: sparse bilateral LNs innervating mainly VP, VC2 and VL1 Glom. Group: bilateral sparse LN belonging to the v2 lineage with weak neurites"
1946851619,54,280,280,410,Traced,v2LN45_R,356379983,True,right,v2LN45,v2LN45,v2LN4  v2LN32-33  v2LN38  v2LN42-45,v2_LN_sparse_bil,ALLN_sparse,AVM05,2.222,2,315,94,76,201,1127.2787939557302,282.6814172859,483.392791305478,47.3072201828576,0.18483636812465698,"Type: sparse bilateral LNs innervating mainly VP, VC2 and VL1 Glom. Group: bilateral sparse LN belonging to the v2 lineage with weak neurites"
1885109710,37,229,229,266,Traced,v2LN46_R,121211525,False,right,v2LN46,v2LN46,v2LN5  v2LN40-41  v2LN46-48,v2_LN_sparse_bil,ALLN_sparse,AVM05,2.7089999999999996,3,159,75,20,198,834.992781303065,65.2238000552258,433.548835210321,75.3989509601273,0.2870440290942,"Type: sparse bilateral LNs, main innervation of DP1l Glom. Group: bilateral sparse LN belonging to the v2 lineage with dense neurites in single glom"
1885782720,72,388,388,467,Traced,v2LN46_R,248320320,True,right,v2LN46,v2LN46,v2LN5  v2LN40-41  v2LN46-48,v2_LN_sparse_bil,ALLN_sparse,AVM05,2.421,3,396,51,42,342,1100.41749279498,291.55733212370603,429.513898220652,21.1104882631549,0.49431488736702706,"Type: sparse bilateral LNs, main innervation of DP1l Glom. Group: bilateral sparse LN belonging to the v2 lineage with dense neurites in single glom"
5901199598,159,427,427,1102,Traced,v2LN41_R,270684602,False,right,v2LN41,v2LN41,v2LN5  v2LN40-41  v2LN46-48,v2_LN_sparse_bil,ALLN_sparse,AVM05,2.12,2,601,412,75,338,1314.6373978743302,305.471279734054,475.163487444929,71.32876723372671,0.123984053716019,"Type: sparse bilateral LNs innervating the VP Glom, VP1. Group: bilateral sparse LN belonging to the v2 lineage with dense neurites in single glom"
2040270763,49,279,279,319,Traced,v2LN47_R,251598622,True,right,v2LN47,v2LN47,v2LN5  v2LN40-41  v2LN46-48,v2_LN_sparse_bil,ALLN_sparse,AVM05,2.434,2,147,159,77,194,886.3112434247071,148.208761724565,463.46959589522794,34.303804548971,0.0295792076555146,Type: sparse bilatera LNs with main innervation in VL2p Glom. Group: bilateral sparse LN belonging to the v2 lineage with dense neurites in single glom
1758323593,58,351,351,371,Traced,v2LN42_R,161870849,False,right,v2LN42,v2LN42,v2LN4  v2LN32-33  v2LN38  v2LN42-45,v2_LN_sparse_bil,ALLN_sparse,AVM05,2.373,2,248,123,33,311,981.0086004193739,105.21201275926701,500.20816314061403,157.075760660257,0.272072946268752,Type: sparse bilateral LNs innervating the VL1 and VL2p Glom. Group: bilateral sparse LN belonging to the v2 lineage with weak neurites
1978261876,80,438,438,670,Traced,v2LN43_R,202661990,False,right,v2LN43,v2LN43,v2LN4  v2LN32-33  v2LN38  v2LN42-45,v2_LN_sparse_bil,ALLN_sparse,AVM05,2.497,3,637,30,83,350,1448.0902535841199,377.636082443785,673.77622336109,56.523025413181706,0.508683999877295,"Type: sparse bilateral LNs innervating the same of AL, partially with bead-like neurites. Group: bilateral sparse LN belonging to the v2 lineage with weak neurites"
1915155348,70,307,307,524,Traced,v2LN43_R,168657728,False,right,v2LN43,v2LN43,v2LN4  v2LN32-33  v2LN38  v2LN42-45,v2_LN_sparse_bil,ALLN_sparse,AVM05,2.653,3,487,4,69,233,1079.62381481825,325.439024398727,424.30742335044295,80.28609294309081,0.565778046415036,"Type: sparse bilateral LNs innervating the same of AL, partially with bead-like neurites. Group: bilateral sparse LN belonging to the v2 lineage with weak neurites"
1947563799,80,367,367,607,Traced,v2LN43_R,249864281,True,right,v2LN43,v2LN43,v2LN4  v2LN32-33  v2LN38  v2LN42-45,v2_LN_sparse_bil,ALLN_sparse,AVM05,2.5780000000000003,3,547,60,59,299,1246.29334633644,321.406336799091,528.073359953547,77.263751053199,0.44141604236566795,"Type: sparse bilateral LNs innervating the same of AL, partially with bead-like neurites. Group: bilateral sparse LN belonging to the v2 lineage with weak neurites"
5812995404,53,392,392,358,Traced,v2LN44_R,269336799,False,right,v2LN44,v2LN44,v2LN4  v2LN32-33  v2LN38  v2LN42-45,v2_LN_sparse_bil,ALLN_sparse,AVM05,2.162,2,157,186,136,251,1452.31267734077,447.068503900391,558.292586630637,32.271381449668695,0.00847771692980193,Type: sparse bilateral LNs innervating mainly VP and VL1 Glom with additional long neurites to other areas of AL. Group: bilateral sparse LN belonging to the v2 lineage with weak neurites
1790364325,83,522,522,495,Traced,v2LN44_R,348322310,False,right,v2LN44,v2LN44,v2LN4  v2LN32-33  v2LN38  v2LN42-45,v2_LN_sparse_bil,ALLN_sparse,AVM05,2.135,2,419,39,304,203,1523.5328769449302,797.469623827188,256.477693868749,35.571501370547104,0.103077192954015,Type: sparse bilateral LNs innervating mainly VP and VL1 Glom with additional long neurites to other areas of AL. Group: bilateral sparse LN belonging to the v2 lineage with weak neurites
2008921702,68,312,312,465,Traced,v2LN45_R,203474981,False,right,v2LN45,v2LN45,v2LN4  v2LN32-33  v2LN38  v2LN42-45,v2_LN_sparse_bil,ALLN_sparse,AVM05,2.318,2,301,164,115,193,1163.1648232435,356.902360664452,490.688221938695,30.8566445929601,0.0542869687479538,"Type: sparse bilateral LNs innervating mainly VP, VC2 and VL1 Glom. Group: bilateral sparse LN belonging to the v2 lineage with weak neurites"
1916157698,57,329,329,383,Traced,v2LN46_R,175178703,False,right,v2LN46,v2LN46,v2LN5  v2LN40-41  v2LN46-48,v2_LN_sparse_bil,ALLN_sparse,AVM05,2.445,3,323,45,71,251,959.4754168811729,314.157742081244,365.11024005978203,18.073534350089897,0.34553405607098103,"Type: sparse bilateral LNs, main innervation of DP1l Glom. Group: bilateral sparse LN belonging to the v2 lineage with dense neurites in single glom"
2132375072,108,576,576,702,Traced,v2LN49_R,477773186,True,right,v2LN49,v2LN49,v2LN2 v2LN39  v2LN49-50,v2_LN_sparse_,ALLN_sparse,AVM05,2.2569999999999997,2,510,182,114,456,1478.12008471457,238.182295226979,757.273833717162,38.010978290316,0.21952108041977697,Type: sparse LNs innervating the VP Glom. Group: unilateral sparse LN belonging to the v2 lineage with weak neurites
1916152641,52,257,257,358,Traced,v2LN47_R,133226897,False,right,v2LN47,v2LN47,v2LN5  v2LN40-41  v2LN46-48,v2_LN_sparse_bil,ALLN_sparse,AVM05,2.384,2,141,217,30,217,760.865153211191,182.062064907022,323.745118960782,40.753727005285,0.0705775074316958,Type: sparse bilatera LNs with main innervation in VL2p Glom. Group: bilateral sparse LN belonging to the v2 lineage with dense neurites in single glom
2071305421,7,177,177,36,Traced,v2LN47_R,145708409,True,right,v2LN47,v2LN47,v2LN5  v2LN40-41  v2LN46-48,v2_LN_sparse_bil,ALLN_sparse,AVM05,2.612,2,7,10,53,93,403.08947437047095,62.749509828774606,99.84750500194859,58.5083052401332,0.00140847039957126,Type: sparse bilatera LNs with main innervation in VL2p Glom. Group: bilateral sparse LN belonging to the v2 lineage with dense neurites in single glom
5813002313,222,1080,1080,914,Traced,v2LN48_R,412184882,True,right,v2LN48,v2LN48,v2LN5  v2LN40-41  v2LN46-48,v2_LN_sparse_bil,ALLN_sparse,AVM05,2.1319999999999997,2,372,525,418,630,1759.950783693,556.101191057296,611.966965231493,86.2405963248151,0.000187721711745303,Type: unique sparse bilateral LN. Group: bilateral sparse LN belonging to the v2 lineage with dense neurites in single glom
2101348562,131,386,386,841,Traced,v2LN49_R,467240303,True,right,v2LN49,v2LN49,v2LN2 v2LN39  v2LN49-50,v2_LN_sparse_,ALLN_sparse,AVM05,2.16,2,535,294,77,303,1240.85116151735,216.436817475911,563.491040496895,3.4320764075355603,0.142588680650751,Type: sparse LNs innervating the VP Glom. Group: unilateral sparse LN belonging to the v2 lineage with weak neurites
1883102183,399,1570,1570,2372,Traced,v2LN5_R,1244013425,True,right,v2LN5,v2LN5,v2LN5  v2LN40-41  v2LN46-48,v2_LN_sparse_bil,ALLN_sparse,AVM05,2.064,2,268,1894,15,1548,3057.9739094076504,33.8532240818186,1781.7028484911602,38.3874552099202,0.0420560775093428,"Type: sparse bilateral LNs belonging to the LN5 type (Tanaka et al. 2012), VC5. Group: bilateral sparse LN belonging to the v2 lineage with dense neurites in single glom"
5813018460,3550,14483,14483,14248,Traced,il3LN6_R,4651222401,False,right,il3LN6,il3LN6,il3LN6,il3_LN_broad_,ALLN_broad,,2.096,2,8180,6007,8077,6319,18511.6918537701,8511.95479135636,6508.073308695861,192.756139959655,0.000177237078298198,"Type: pair of keystone LNs coming from the GNG, matching LN6 type (Tanaka et al. 2012). Group: pair broad LNs of the il lineage"
5901206553,3171,13894,13894,13608,Traced,il3LN6_L,4261049578,False,right,il3LN6,il3LN6,il3LN6,il3_LN_broad_,ALLN_broad,,2.108,2,8770,3217,8995,3339,17291.7569845703,9633.70873777215,3244.04094174075,165.07095415835,5.01929733254247e-06,"Type: pair of keystone LNs coming from the GNG, matching LN6 type (Tanaka et al. 2012). Group: pair broad LNs of the il lineage"
2069647778,354,1657,1657,2705,Traced,l2LN23_R,1081648523,True,right,l2LN23,l2LN23,l2LN21-23,l2_LN_sparse_,ALLN_sparse,,2.049,2,865,1786,41,1612,2824.0033293365996,281.810581526096,1798.6609471747,19.5049922370815,0.12164827873569699,Type: sparse LN innervating the VP Glom but mainly the V Glom. Group: sparse LNs of the l2 lineage innervating VP and V Gloms
2069648213,327,1530,1530,2475,Traced,l2LN23,994064292,True,right,l2LN23,l2LN23,l2LN21-23,l2_LN_sparse_,ALLN_sparse,,2.056,2,772,1284,585,907,2869.326258872,695.124768514008,1125.6827172050698,31.3548221021522,0.000208858001496059,Type: sparse LN innervating the VP Glom but mainly the V Glom. Group: sparse LNs of the l2 lineage innervating VP and V Gloms
5813040492,180,703,703,1039,Traced,v2LN38_L,293002498,False,right,v2LN38,v2LN38,v2LN4  v2LN32-33  v2LN38  v2LN42-45,v2contra_LN_sparse_bil,ALLN_sparse,,2.062,2,385,552,223,466,1441.58762698088,355.443524823051,561.877242445161,76.28491445344599,0.00586190559715871,"Type: sparse bilateral LNs innervating the VP Glom, mainly VP5. Group: bilateral sparse LN belonging to the v2 lineage with weak neurites"
5813071384,424,446,446,3384,Traced,vLN26_R,814114873,True,right,vLN26,vLN26,vLN26,v_LN_sparse_bil,ALLN_sparse,,2.068,2,3095,175,212,224,2428.38637378798,1040.3216008224401,434.47650864703303,69.74415908138761,0.209587076070186,"Type: only bilateral LN in the v lineage, neurites towards the GNG. Group: bilateral sparse LN from the v lineage"
2101391269,232,1238,1238,1507,Traced,vLN28_R,869076786,False,right,vLN28,vLN28,vLN27-29,v_LN_sparse_,ALLN_sparse,,2.1830000000000003,2,1450,27,295,933,2129.9754619313503,476.151850614286,1041.84392768358,85.53184409350341,0.5084826453229241,"Type: sparse LN innervating mainly VC5 Glom, unique additiona neurite. Group: sparse LN from the v lineage with dense neurites in VC5 Glom"
5813055448,232,1242,1242,1511,Traced,vLN29_R,1032662499,True,right,vLN29,vLN29,vLN27-29,v_LN_sparse_,ALLN_sparse,,2.162,2,1403,95,233,1004,2374.4772071922102,399.389924332537,1019.8294230066699,61.243091275036704,0.47271602952936004,"Type: sparse LN innervating mainly VC5 Glom, unique additiona neurite. Group: sparse LN from the v lineage with dense neurites in VC5 Glom"
1702323388,78,200,200,452,Traced,lLN14_R,158624119,False,right,lLN14,lLN14,lLN10-17,l_LN_sparse_,ALLN_sparse,,2.489,2,443,4,84,115,1009.2344543655199,321.780129070006,434.35851290899103,58.65854175572021,0.37662990832012,"Type: very weakly innervating sparse LN, one half with bead-like structure. Group: unilateral regional or sparse LNs belonging l lineage "
